Workbook

Sheet Results
A1: Name | B1: Week 1 | C1: Week 2 | D1: Week 3 | E1: Week 4 | F1: Week 5 | G1: Week 6 | H1: Week 7 | I1: Week 8 | J1: Week 9 | K1: Week 10 | L1: Week 11 | M1: Week 12 | N1: Week 13 | O1: Week 14 | P1: Week 15 | Q1: Total Attended
A2: Adegoke, Olusegun | B2: ='Week 1'!G2 -> 0 | C2: ='Week 2'!G2 -> 0 | D2: ='Week 3'!G2 -> 0 | E2: ='Week 4'!G2 -> 0 | F2: ='Week 5'!G2 -> 0 | G2: ='Week 6'!G2 -> 0 | H2: ='Week 7'!G2 -> 0 | I2: ='Week 8'!G2 -> 0 | J2: ='Week 9'!G2 -> 0 | K2: ='Week 10'!G2 -> 0 | L2: ='Week 11'!G2 -> 0 | M2: ='Week 12'!G2 -> 0 | N2: ='Week 13'!G2 -> 0 | O2: ='Week 14'!G2 -> 0 | P2: ='Week 15'!G2 -> 0 | Q2: =SUM(B2:P2) -> 0
A3: Adeleye, Rasheed | B3: ='Week 1'!G3 -> 0 | C3: ='Week 2'!G3 -> 0 | D3: ='Week 3'!G3 -> 0 | E3: ='Week 4'!G3 -> 0 | F3: ='Week 5'!G3 -> 0 | G3: ='Week 6'!G3 -> 0 | H3: ='Week 7'!G3 -> 0 | I3: ='Week 8'!G3 -> 0 | J3: ='Week 9'!G3 -> 0 | K3: ='Week 10'!G3 -> 0 | L3: ='Week 11'!G3 -> 0 | M3: ='Week 12'!G3 -> 0 | N3: ='Week 13'!G3 -> 0 | O3: ='Week 14'!G3 -> 0 | P3: ='Week 15'!G3 -> 0 | Q3: =SUM(B3:P3) -> 0
A4: babalola, paul | B4: ='Week 1'!G4 -> 0 | C4: ='Week 2'!G4 -> 0 | D4: ='Week 3'!G4 -> 0 | E4: ='Week 4'!G4 -> 0 | F4: ='Week 5'!G4 -> 0 | G4: ='Week 6'!G4 -> 0 | H4: ='Week 7'!G4 -> 0 | I4: ='Week 8'!G4 -> 0 | J4: ='Week 9'!G4 -> 0 | K4: ='Week 10'!G4 -> 0 | L4: ='Week 11'!G4 -> 0 | M4: ='Week 12'!G4 -> 0 | N4: ='Week 13'!G4 -> 0 | O4: ='Week 14'!G4 -> 0 | P4: ='Week 15'!G4 -> 0 | Q4: =SUM(B4:P4) -> 0
A5: Beer, Colin | B5: ='Week 1'!G5 -> 0 | C5: ='Week 2'!G5 -> 0 | D5: ='Week 3'!G5 -> 0 | E5: ='Week 4'!G5 -> 0 | F5: ='Week 5'!G5 -> 0 | G5: ='Week 6'!G5 -> 0 | H5: ='Week 7'!G5 -> 0 | I5: ='Week 8'!G5 -> 0 | J5: ='Week 9'!G5 -> 0 | K5: ='Week 10'!G5 -> 0 | L5: ='Week 11'!G5 -> 0 | M5: ='Week 12'!G5 -> 0 | N5: ='Week 13'!G5 -> 0 | O5: ='Week 14'!G5 -> 0 | P5: ='Week 15'!G5 -> 0 | Q5: =SUM(B5:P5) -> 0
A6: Bingham, Kenye' | B6: ='Week 1'!G6 -> 0 | C6: ='Week 2'!G6 -> 0 | D6: ='Week 3'!G6 -> 0 | E6: ='Week 4'!G6 -> 0 | F6: ='Week 5'!G6 -> 0 | G6: ='Week 6'!G6 -> 0 | H6: ='Week 7'!G6 -> 0 | I6: ='Week 8'!G6 -> 0 | J6: ='Week 9'!G6 -> 0 | K6: ='Week 10'!G6 -> 0 | L6: ='Week 11'!G6 -> 0 | M6: ='Week 12'!G6 -> 0 | N6: ='Week 13'!G6 -> 0 | O6: ='Week 14'!G6 -> 0 | P6: ='Week 15'!G6 -> 0 | Q6: =SUM(B6:P6) -> 0
A7: Brown, Trinity | B7: ='Week 1'!G7 -> 0 | C7: ='Week 2'!G7 -> 0 | D7: ='Week 3'!G7 -> 0 | E7: ='Week 4'!G7 -> 0 | F7: ='Week 5'!G7 -> 0 | G7: ='Week 6'!G7 -> 0 | H7: ='Week 7'!G7 -> 0 | I7: ='Week 8'!G7 -> 0 | J7: ='Week 9'!G7 -> 0 | K7: ='Week 10'!G7 -> 0 | L7: ='Week 11'!G7 -> 0 | M7: ='Week 12'!G7 -> 0 | N7: ='Week 13'!G7 -> 0 | O7: ='Week 14'!G7 -> 0 | P7: ='Week 15'!G7 -> 0 | Q7: =SUM(B7:P7) -> 0
A8: Butler, Malachi | B8: ='Week 1'!G8 -> 0 | C8: ='Week 2'!G8 -> 0 | D8: ='Week 3'!G8 -> 0 | E8: ='Week 4'!G8 -> 0 | F8: ='Week 5'!G8 -> 0 | G8: ='Week 6'!G8 -> 0 | H8: ='Week 7'!G8 -> 0 | I8: ='Week 8'!G8 -> 0 | J8: ='Week 9'!G8 -> 0 | K8: ='Week 10'!G8 -> 0 | L8: ='Week 11'!G8 -> 0 | M8: ='Week 12'!G8 -> 0 | N8: ='Week 13'!G8 -> 0 | O8: ='Week 14'!G8 -> 0 | P8: ='Week 15'!G8 -> 0 | Q8: =SUM(B8:P8) -> 0
A9: Cranor, Christian | B9: ='Week 1'!G9 -> 0 | C9: ='Week 2'!G9 -> 0 | D9: ='Week 3'!G9 -> 0 | E9: ='Week 4'!G9 -> 0 | F9: ='Week 5'!G9 -> 0 | G9: ='Week 6'!G9 -> 0 | H9: ='Week 7'!G9 -> 0 | I9: ='Week 8'!G9 -> 0 | J9: ='Week 9'!G9 -> 0 | K9: ='Week 10'!G9 -> 0 | L9: ='Week 11'!G9 -> 0 | M9: ='Week 12'!G9 -> 0 | N9: ='Week 13'!G9 -> 0 | O9: ='Week 14'!G9 -> 0 | P9: ='Week 15'!G9 -> 0 | Q9: =SUM(B9:P9) -> 0
A10: Crenshaw, Makayla | B10: ='Week 1'!G10 -> 0 | C10: ='Week 2'!G10 -> 0 | D10: ='Week 3'!G10 -> 0 | E10: ='Week 4'!G10 -> 0 | F10: ='Week 5'!G10 -> 0 | G10: ='Week 6'!G10 -> 0 | H10: ='Week 7'!G10 -> 0 | I10: ='Week 8'!G10 -> 0 | J10: ='Week 9'!G10 -> 0 | K10: ='Week 10'!G10 -> 0 | L10: ='Week 11'!G10 -> 0 | M10: ='Week 12'!G10 -> 0 | N10: ='Week 13'!G10 -> 0 | O10: ='Week 14'!G10 -> 0 | P10: ='Week 15'!G10 -> 0 | Q10: =SUM(B10:P10) -> 0
A11: Deckard, Jack | B11: ='Week 1'!G11 -> 0 | C11: ='Week 2'!G11 -> 0 | D11: ='Week 3'!G11 -> 0 | E11: ='Week 4'!G11 -> 0 | F11: ='Week 5'!G11 -> 0 | G11: ='Week 6'!G11 -> 0 | H11: ='Week 7'!G11 -> 0 | I11: ='Week 8'!G11 -> 0 | J11: ='Week 9'!G11 -> 0 | K11: ='Week 10'!G11 -> 0 | L11: ='Week 11'!G11 -> 0 | M11: ='Week 12'!G11 -> 0 | N11: ='Week 13'!G11 -> 0 | O11: ='Week 14'!G11 -> 0 | P11: ='Week 15'!G11 -> 0 | Q11: =SUM(B11:P11) -> 0
A12: Diallo, Mohammad | B12: ='Week 1'!G12 -> 0 | C12: ='Week 2'!G12 -> 0 | D12: ='Week 3'!G12 -> 0 | E12: ='Week 4'!G12 -> 0 | F12: ='Week 5'!G12 -> 0 | G12: ='Week 6'!G12 -> 0 | H12: ='Week 7'!G12 -> 0 | I12: ='Week 8'!G12 -> 0 | J12: ='Week 9'!G12 -> 0 | K12: ='Week 10'!G12 -> 0 | L12: ='Week 11'!G12 -> 0 | M12: ='Week 12'!G12 -> 0 | N12: ='Week 13'!G12 -> 0 | O12: ='Week 14'!G12 -> 0 | P12: ='Week 15'!G12 -> 0 | Q12: =SUM(B12:P12) -> 0
A13: Elliott, John | B13: ='Week 1'!G13 -> 0 | C13: ='Week 2'!G13 -> 0 | D13: ='Week 3'!G13 -> 0 | E13: ='Week 4'!G13 -> 0 | F13: ='Week 5'!G13 -> 0 | G13: ='Week 6'!G13 -> 0 | H13: ='Week 7'!G13 -> 0 | I13: ='Week 8'!G13 -> 0 | J13: ='Week 9'!G13 -> 0 | K13: ='Week 10'!G13 -> 0 | L13: ='Week 11'!G13 -> 0 | M13: ='Week 12'!G13 -> 0 | N13: ='Week 13'!G13 -> 0 | O13: ='Week 14'!G13 -> 0 | P13: ='Week 15'!G13 -> 0 | Q13: =SUM(B13:P13) -> 0
... A26: Young, Jalen | B26: ='Week 1'!G26 -> 0 | C26: ='Week 2'!G26 -> 0 | D26: ='Week 3'!G26 -> 0 | E26: ='Week 4'!G26 -> 0 | F26: ='Week 5'!G26 -> 0 | G26: ='Week 6'!G26 -> 0 | H26: ='Week 7'!G26 -> 0 | I26: ='Week 8'!G26 -> 0 | J26: ='Week 9'!G26 -> 0 | K26: ='Week 10'!G26 -> 0 | L26: ='Week 11'!G26 -> 0 | M26: ='Week 12'!G26 -> 0 | N26: ='Week 13'!G26 -> 0 | O26: ='Week 14'!G26 -> 0 | P26: ='Week 15'!G26 -> 0 | Q26: =SUM(B26:P26) -> 0

Sheet Week 1
A1: Names | B1: Tuesday Lecture | C1: Tuesday Lab | D1: Thursday Lecture | E1: Attended Help Session? | G1: EOW Summary | H1: Attended Lab
A2: Adegoke, Olusegun | B2: FALSE | C2: FALSE | D2: FALSE | E2: FALSE | G2: =COUNTIF(B2:E2, TRUE) -> 0 | H2: =COUNTIF(C2, TRUE) -> 0
A3: Adeleye, Rasheed | B3: FALSE | C3: FALSE | D3: FALSE | E3: FALSE | G3: =COUNTIF(B3:E3, TRUE) -> 0 | H3: =COUNTIF(C3, TRUE) -> 0
A4: babalola, paul | B4: FALSE | C4: FALSE | D4: FALSE | E4: FALSE | G4: =COUNTIF(B4:E4, TRUE) -> 0 | H4: =COUNTIF(C4, TRUE) -> 0
A5: Beer, Colin | B5: FALSE | C5: FALSE | D5: FALSE | E5: FALSE | G5: =COUNTIF(B5:E5, TRUE) -> 0 | H5: =COUNTIF(C5, TRUE) -> 0
A6: Bingham, Kenye' | B6: FALSE | C6: FALSE | D6: FALSE | E6: FALSE | G6: =COUNTIF(B6:E6, TRUE) -> 0 | H6: =COUNTIF(C6, TRUE) -> 0
A7: Brown, Trinity | B7: FALSE | C7: FALSE | D7: FALSE | E7: FALSE | G7: =COUNTIF(B7:E7, TRUE) -> 0 | H7: =COUNTIF(C7, TRUE) -> 0
A8: Butler, Malachi | B8: FALSE | C8: FALSE | D8: FALSE | E8: FALSE | G8: =COUNTIF(B8:E8, TRUE) -> 0 | H8: =COUNTIF(C8, TRUE) -> 0
A9: Cranor, Christian | B9: FALSE | C9: FALSE | D9: FALSE | E9: FALSE | G9: =COUNTIF(B9:E9, TRUE) -> 0 | H9: =COUNTIF(C9, TRUE) -> 0
A10: Crenshaw, Makayla | B10: FALSE | C10: FALSE | D10: FALSE | E10: FALSE | G10: =COUNTIF(B10:E10, TRUE) -> 0 | H10: =COUNTIF(C10, TRUE) -> 0
A11: Deckard, Jack | B11: FALSE | C11: FALSE | D11: FALSE | E11: FALSE | G11: =COUNTIF(B11:E11, TRUE) -> 0 | H11: =COUNTIF(C11, TRUE) -> 0
A12: Diallo, Mohammad | B12: FALSE | C12: FALSE | D12: FALSE | E12: FALSE | G12: =COUNTIF(B12:E12, TRUE) -> 0 | H12: =COUNTIF(C12, TRUE) -> 0
A13: Elliott, John | B13: FALSE | C13: FALSE | D13: FALSE | E13: FALSE | G13: =COUNTIF(B13:E13, TRUE) -> 0 | H13: =COUNTIF(C13, TRUE) -> 0
... A26: Young, Jalen | B26: FALSE | C26: FALSE | D26: FALSE | E26: FALSE | G26: =COUNTIF(B26:E26, TRUE) -> 0 | H26: =COUNTIF(C26, TRUE) -> 0

Sheet Week 2
A1: Names | B1: Tuesday Lecture | C1: Tuesday Lab | D1: Thursday Lecture | E1: Attended Help Session? | G1: EOW Summary | H1: Attended Lab
A2: Adegoke, Olusegun | B2: FALSE | C2: FALSE | D2: FALSE | E2: FALSE | G2: =COUNTIF(B2:E2, TRUE) -> 0 | H2: =COUNTIF(C2, TRUE) -> 0
A3: Adeleye, Rasheed | B3: FALSE | C3: FALSE | D3: FALSE | E3: FALSE | G3: =COUNTIF(B3:E3, TRUE) -> 0 | H3: =COUNTIF(C3, TRUE) -> 0
A4: babalola, paul | B4: FALSE | C4: FALSE | D4: FALSE | E4: FALSE | G4: =COUNTIF(B4:E4, TRUE) -> 0 | H4: =COUNTIF(C4, TRUE) -> 0
A5: Beer, Colin | B5: FALSE | C5: FALSE | D5: FALSE | E5: FALSE | G5: =COUNTIF(B5:E5, TRUE) -> 0 | H5: =COUNTIF(C5, TRUE) -> 0
A6: Bingham, Kenye' | B6: FALSE | C6: FALSE | D6: FALSE | E6: FALSE | G6: =COUNTIF(B6:E6, TRUE) -> 0 | H6: =COUNTIF(C6, TRUE) -> 0
A7: Brown, Trinity | B7: FALSE | C7: FALSE | D7: FALSE | E7: FALSE | G7: =COUNTIF(B7:E7, TRUE) -> 0 | H7: =COUNTIF(C7, TRUE) -> 0
A8: Butler, Malachi | B8: FALSE | C8: FALSE | D8: FALSE | E8: FALSE | G8: =COUNTIF(B8:E8, TRUE) -> 0 | H8: =COUNTIF(C8, TRUE) -> 0
A9: Cranor, Christian | B9: FALSE | C9: FALSE | D9: FALSE | E9: FALSE | G9: =COUNTIF(B9:E9, TRUE) -> 0 | H9: =COUNTIF(C9, TRUE) -> 0
A10: Crenshaw, Makayla | B10: FALSE | C10: FALSE | D10: FALSE | E10: FALSE | G10: =COUNTIF(B10:E10, TRUE) -> 0 | H10: =COUNTIF(C10, TRUE) -> 0
A11: Deckard, Jack | B11: FALSE | C11: FALSE | D11: FALSE | E11: FALSE | G11: =COUNTIF(B11:E11, TRUE) -> 0 | H11: =COUNTIF(C11, TRUE) -> 0
A12: Diallo, Mohammad | B12: FALSE | C12: FALSE | D12: FALSE | E12: FALSE | G12: =COUNTIF(B12:E12, TRUE) -> 0 | H12: =COUNTIF(C12, TRUE) -> 0
A13: Elliott, John | B13: FALSE | C13: FALSE | D13: FALSE | E13: FALSE | G13: =COUNTIF(B13:E13, TRUE) -> 0 | H13: =COUNTIF(C13, TRUE) -> 0
... A26: Young, Jalen | B26: FALSE | C26: FALSE | D26: FALSE | E26: FALSE | G26: =COUNTIF(B26:E26, TRUE) -> 0 | H26: =COUNTIF(C26, TRUE) -> 0

Sheet Week 3
A1: Names | B1: Tuesday Lecture | C1: Tuesday Lab | D1: Thursday Lecture | E1: Attended Help Session? | G1: EOW Summary | H1: Attended Lab
A2: Adegoke, Olusegun | B2: FALSE | C2: FALSE | D2: FALSE | E2: FALSE | G2: =COUNTIF(B2:E2, TRUE) -> 0 | H2: =COUNTIF(C2, TRUE) -> 0
A3: Adeleye, Rasheed | B3: FALSE | C3: FALSE | D3: FALSE | E3: FALSE | G3: =COUNTIF(B3:E3, TRUE) -> 0 | H3: =COUNTIF(C3, TRUE) -> 0
A4: babalola, paul | B4: FALSE | C4: FALSE | D4: FALSE | E4: FALSE | G4: =COUNTIF(B4:E4, TRUE) -> 0 | H4: =COUNTIF(C4, TRUE) -> 0
A5: Beer, Colin | B5: FALSE | C5: FALSE | D5: FALSE | E5: FALSE | G5: =COUNTIF(B5:E5, TRUE) -> 0 | H5: =COUNTIF(C5, TRUE) -> 0
A6: Bingham, Kenye' | B6: FALSE | C6: FALSE | D6: FALSE | E6: FALSE | G6: =COUNTIF(B6:E6, TRUE) -> 0 | H6: =COUNTIF(C6, TRUE) -> 0
A7: Brown, Trinity | B7: FALSE | C7: FALSE | D7: FALSE | E7: FALSE | G7: =COUNTIF(B7:E7, TRUE) -> 0 | H7: =COUNTIF(C7, TRUE) -> 0
A8: Butler, Malachi | B8: FALSE | C8: FALSE | D8: FALSE | E8: FALSE | G8: =COUNTIF(B8:E8, TRUE) -> 0 | H8: =COUNTIF(C8, TRUE) -> 0
A9: Cranor, Christian | B9: FALSE | C9: FALSE | D9: FALSE | E9: FALSE | G9: =COUNTIF(B9:E9, TRUE) -> 0 | H9: =COUNTIF(C9, TRUE) -> 0
A10: Crenshaw, Makayla | B10: FALSE | C10: FALSE | D10: FALSE | E10: FALSE | G10: =COUNTIF(B10:E10, TRUE) -> 0 | H10: =COUNTIF(C10, TRUE) -> 0
A11: Deckard, Jack | B11: FALSE | C11: FALSE | D11: FALSE | E11: FALSE | G11: =COUNTIF(B11:E11, TRUE) -> 0 | H11: =COUNTIF(C11, TRUE) -> 0
A12: Diallo, Mohammad | B12: FALSE | C12: FALSE | D12: FALSE | E12: FALSE | G12: =COUNTIF(B12:E12, TRUE) -> 0 | H12: =COUNTIF(C12, TRUE) -> 0
A13: Elliott, John | B13: FALSE | C13: FALSE | D13: FALSE | E13: FALSE | G13: =COUNTIF(B13:E13, TRUE) -> 0 | H13: =COUNTIF(C13, TRUE) -> 0
... A26: Young, Jalen | B26: FALSE | C26: FALSE | D26: FALSE | E26: FALSE | G26: =COUNTIF(B26:E26, TRUE) -> 0 | H26: =COUNTIF(C26, TRUE) -> 0

Sheet Week 4
A1: Names | B1: Tuesday Lecture | C1: Tuesday Lab | D1: Thursday Lecture | E1: Attended Help Session? | G1: EOW Summary | H1: Attended Lab
A2: Adegoke, Olusegun | B2: FALSE | C2: FALSE | D2: FALSE | E2: FALSE | G2: =COUNTIF(B2:E2, TRUE) -> 0 | H2: =COUNTIF(C2, TRUE) -> 0
A3: Adeleye, Rasheed | B3: FALSE | C3: FALSE | D3: FALSE | E3: FALSE | G3: =COUNTIF(B3:E3, TRUE) -> 0 | H3: =COUNTIF(C3, TRUE) -> 0
A4: babalola, paul | B4: FALSE | C4: FALSE | D4: FALSE | E4: FALSE | G4: =COUNTIF(B4:E4, TRUE) -> 0 | H4: =COUNTIF(C4, TRUE) -> 0
A5: Beer, Colin | B5: FALSE | C5: FALSE | D5: FALSE | E5: FALSE | G5: =COUNTIF(B5:E5, TRUE) -> 0 | H5: =COUNTIF(C5, TRUE) -> 0
A6: Bingham, Kenye' | B6: FALSE | C6: FALSE | D6: FALSE | E6: FALSE | G6: =COUNTIF(B6:E6, TRUE) -> 0 | H6: =COUNTIF(C6, TRUE) -> 0
A7: Brown, Trinity | B7: FALSE | C7: FALSE | D7: FALSE | E7: FALSE | G7: =COUNTIF(B7:E7, TRUE) -> 0 | H7: =COUNTIF(C7, TRUE) -> 0
A8: Butler, Malachi | B8: FALSE | C8: FALSE | D8: FALSE | E8: FALSE | G8: =COUNTIF(B8:E8, TRUE) -> 0 | H8: =COUNTIF(C8, TRUE) -> 0
A9: Cranor, Christian | B9: FALSE | C9: FALSE | D9: FALSE | E9: FALSE | G9: =COUNTIF(B9:E9, TRUE) -> 0 | H9: =COUNTIF(C9, TRUE) -> 0
A10: Crenshaw, Makayla | B10: FALSE | C10: FALSE | D10: FALSE | E10: FALSE | G10: =COUNTIF(B10:E10, TRUE) -> 0 | H10: =COUNTIF(C10, TRUE) -> 0
A11: Deckard, Jack | B11: FALSE | C11: FALSE | D11: FALSE | E11: FALSE | G11: =COUNTIF(B11:E11, TRUE) -> 0 | H11: =COUNTIF(C11, TRUE) -> 0
A12: Diallo, Mohammad | B12: FALSE | C12: FALSE | D12: FALSE | E12: FALSE | G12: =COUNTIF(B12:E12, TRUE) -> 0 | H12: =COUNTIF(C12, TRUE) -> 0
A13: Elliott, John | B13: FALSE | C13: FALSE | D13: FALSE | E13: FALSE | G13: =COUNTIF(B13:E13, TRUE) -> 0 | H13: =COUNTIF(C13, TRUE) -> 0
... A26: Young, Jalen | B26: FALSE | C26: FALSE | D26: FALSE | E26: FALSE | G26: =COUNTIF(B26:E26, TRUE) -> 0 | H26: =COUNTIF(C26, TRUE) -> 0

Sheet Week 5
A1: Names | B1: Tuesday Lecture | C1: Tuesday Lab | D1: Thursday Lecture | E1: Attended Help Session? | G1: EOW Summary | H1: Attended Lab
A2: Adegoke, Olusegun | B2: FALSE | C2: FALSE | D2: FALSE | E2: FALSE | G2: =COUNTIF(B2:E2, TRUE) -> 0 | H2: =COUNTIF(C2, TRUE) -> 0
A3: Adeleye, Rasheed | B3: FALSE | C3: FALSE | D3: FALSE | E3: FALSE | G3: =COUNTIF(B3:E3, TRUE) -> 0 | H3: =COUNTIF(C3, TRUE) -> 0
A4: babalola, paul | B4: FALSE | C4: FALSE | D4: FALSE | E4: FALSE | G4: =COUNTIF(B4:E4, TRUE) -> 0 | H4: =COUNTIF(C4, TRUE) -> 0
A5: Beer, Colin | B5: FALSE | C5: FALSE | D5: FALSE | E5: FALSE | G5: =COUNTIF(B5:E5, TRUE) -> 0 | H5: =COUNTIF(C5, TRUE) -> 0
A6: Bingham, Kenye' | B6: FALSE | C6: FALSE | D6: FALSE | E6: FALSE | G6: =COUNTIF(B6:E6, TRUE) -> 0 | H6: =COUNTIF(C6, TRUE) -> 0
A7: Brown, Trinity | B7: FALSE | C7: FALSE | D7: FALSE | E7: FALSE | G7: =COUNTIF(B7:E7, TRUE) -> 0 | H7: =COUNTIF(C7, TRUE) -> 0
A8: Butler, Malachi | B8: FALSE | C8: FALSE | D8: FALSE | E8: FALSE | G8: =COUNTIF(B8:E8, TRUE) -> 0 | H8: =COUNTIF(C8, TRUE) -> 0
A9: Cranor, Christian | B9: FALSE | C9: FALSE | D9: FALSE | E9: FALSE | G9: =COUNTIF(B9:E9, TRUE) -> 0 | H9: =COUNTIF(C9, TRUE) -> 0
A10: Crenshaw, Makayla | B10: FALSE | C10: FALSE | D10: FALSE | E10: FALSE | G10: =COUNTIF(B10:E10, TRUE) -> 0 | H10: =COUNTIF(C10, TRUE) -> 0
A11: Deckard, Jack | B11: FALSE | C11: FALSE | D11: FALSE | E11: FALSE | G11: =COUNTIF(B11:E11, TRUE) -> 0 | H11: =COUNTIF(C11, TRUE) -> 0
A12: Diallo, Mohammad | B12: FALSE | C12: FALSE | D12: FALSE | E12: FALSE | G12: =COUNTIF(B12:E12, TRUE) -> 0 | H12: =COUNTIF(C12, TRUE) -> 0
A13: Elliott, John | B13: FALSE | C13: FALSE | D13: FALSE | E13: FALSE | G13: =COUNTIF(B13:E13, TRUE) -> 0 | H13: =COUNTIF(C13, TRUE) -> 0
... A26: Young, Jalen | B26: FALSE | C26: FALSE | D26: FALSE | E26: FALSE | G26: =COUNTIF(B26:E26, TRUE) -> 0 | H26: =COUNTIF(C26, TRUE) -> 0

Sheet Week 6
A1: Names | B1: Tuesday Lecture | C1: Tuesday Lab | D1: Thursday Lecture | E1: Attended Help Session? | G1: EOW Summary | H1: Attended Lab
A2: Adegoke, Olusegun | B2: FALSE | C2: FALSE | D2: FALSE | E2: FALSE | G2: =COUNTIF(B2:E2, TRUE) -> 0 | H2: =COUNTIF(C2, TRUE) -> 0
A3: Adeleye, Rasheed | B3: FALSE | C3: FALSE | D3: FALSE | E3: FALSE | G3: =COUNTIF(B3:E3, TRUE) -> 0 | H3: =COUNTIF(C3, TRUE) -> 0
A4: babalola, paul | B4: FALSE | C4: FALSE | D4: FALSE | E4: FALSE | G4: =COUNTIF(B4:E4, TRUE) -> 0 | H4: =COUNTIF(C4, TRUE) -> 0
A5: Beer, Colin | B5: FALSE | C5: FALSE | D5: FALSE | E5: FALSE | G5: =COUNTIF(B5:E5, TRUE) -> 0 | H5: =COUNTIF(C5, TRUE) -> 0
A6: Bingham, Kenye' | B6: FALSE | C6: FALSE | D6: FALSE | E6: FALSE | G6: =COUNTIF(B6:E6, TRUE) -> 0 | H6: =COUNTIF(C6, TRUE) -> 0
A7: Brown, Trinity | B7: FALSE | C7: FALSE | D7: FALSE | E7: FALSE | G7: =COUNTIF(B7:E7, TRUE) -> 0 | H7: =COUNTIF(C7, TRUE) -> 0
A8: Butler, Malachi | B8: FALSE | C8: FALSE | D8: FALSE | E8: FALSE | G8: =COUNTIF(B8:E8, TRUE) -> 0 | H8: =COUNTIF(C8, TRUE) -> 0
A9: Cranor, Christian | B9: FALSE | C9: FALSE | D9: FALSE | E9: FALSE | G9: =COUNTIF(B9:E9, TRUE) -> 0 | H9: =COUNTIF(C9, TRUE) -> 0
A10: Crenshaw, Makayla | B10: FALSE | C10: FALSE | D10: FALSE | E10: FALSE | G10: =COUNTIF(B10:E10, TRUE) -> 0 | H10: =COUNTIF(C10, TRUE) -> 0
A11: Deckard, Jack | B11: FALSE | C11: FALSE | D11: FALSE | E11: FALSE | G11: =COUNTIF(B11:E11, TRUE) -> 0 | H11: =COUNTIF(C11, TRUE) -> 0
A12: Diallo, Mohammad | B12: FALSE | C12: FALSE | D12: FALSE | E12: FALSE | G12: =COUNTIF(B12:E12, TRUE) -> 0 | H12: =COUNTIF(C12, TRUE) -> 0
A13: Elliott, John | B13: FALSE | C13: FALSE | D13: FALSE | E13: FALSE | G13: =COUNTIF(B13:E13, TRUE) -> 0 | H13: =COUNTIF(C13, TRUE) -> 0
... A26: Young, Jalen | B26: FALSE | C26: FALSE | D26: FALSE | E26: FALSE | G26: =COUNTIF(B26:E26, TRUE) -> 0 | H26: =COUNTIF(C26, TRUE) -> 0

Sheet Week 7
A1: Names | B1: Tuesday Lecture | C1: Tuesday Lab | D1: Thursday Lecture | E1: Attended Help Session? | G1: EOW Summary | H1: Attended Lab
A2: Adegoke, Olusegun | B2: FALSE | C2: FALSE | D2: FALSE | E2: FALSE | G2: =COUNTIF(B2:E2, TRUE) -> 0 | H2: =COUNTIF(C2, TRUE) -> 0
A3: Adeleye, Rasheed | B3: FALSE | C3: FALSE | D3: FALSE | E3: FALSE | G3: =COUNTIF(B3:E3, TRUE) -> 0 | H3: =COUNTIF(C3, TRUE) -> 0
A4: babalola, paul | B4: FALSE | C4: FALSE | D4: FALSE | E4: FALSE | G4: =COUNTIF(B4:E4, TRUE) -> 0 | H4: =COUNTIF(C4, TRUE) -> 0
A5: Beer, Colin | B5: FALSE | C5: FALSE | D5: FALSE | E5: FALSE | G5: =COUNTIF(B5:E5, TRUE) -> 0 | H5: =COUNTIF(C5, TRUE) -> 0
A6: Bingham, Kenye' | B6: FALSE | C6: FALSE | D6: FALSE | E6: FALSE | G6: =COUNTIF(B6:E6, TRUE) -> 0 | H6: =COUNTIF(C6, TRUE) -> 0
A7: Brown, Trinity | B7: FALSE | C7: FALSE | D7: FALSE | E7: FALSE | G7: =COUNTIF(B7:E7, TRUE) -> 0 | H7: =COUNTIF(C7, TRUE) -> 0
A8: Butler, Malachi | B8: FALSE | C8: FALSE | D8: FALSE | E8: FALSE | G8: =COUNTIF(B8:E8, TRUE) -> 0 | H8: =COUNTIF(C8, TRUE) -> 0
A9: Cranor, Christian | B9: FALSE | C9: FALSE | D9: FALSE | E9: FALSE | G9: =COUNTIF(B9:E9, TRUE) -> 0 | H9: =COUNTIF(C9, TRUE) -> 0
A10: Crenshaw, Makayla | B10: FALSE | C10: FALSE | D10: FALSE | E10: FALSE | G10: =COUNTIF(B10:E10, TRUE) -> 0 | H10: =COUNTIF(C10, TRUE) -> 0
A11: Deckard, Jack | B11: FALSE | C11: FALSE | D11: FALSE | E11: FALSE | G11: =COUNTIF(B11:E11, TRUE) -> 0 | H11: =COUNTIF(C11, TRUE) -> 0
A12: Diallo, Mohammad | B12: FALSE | C12: FALSE | D12: FALSE | E12: FALSE | G12: =COUNTIF(B12:E12, TRUE) -> 0 | H12: =COUNTIF(C12, TRUE) -> 0
A13: Elliott, John | B13: FALSE | C13: FALSE | D13: FALSE | E13: FALSE | G13: =COUNTIF(B13:E13, TRUE) -> 0 | H13: =COUNTIF(C13, TRUE) -> 0
... A26: Young, Jalen | B26: FALSE | C26: FALSE | D26: FALSE | E26: FALSE | G26: =COUNTIF(B26:E26, TRUE) -> 0 | H26: =COUNTIF(C26, TRUE) -> 0

Sheet Week 8
A1: Names | B1: Tuesday Lecture | C1: Tuesday Lab | D1: Thursday Lecture | E1: Attended Help Session? | G1: EOW Summary | H1: Attended Lab
A2: Adegoke, Olusegun | B2: FALSE | C2: FALSE | D2: FALSE | E2: FALSE | G2: =COUNTIF(B2:E2, TRUE) -> 0 | H2: =COUNTIF(C2, TRUE) -> 0
A3: Adeleye, Rasheed | B3: FALSE | C3: FALSE | D3: FALSE | E3: FALSE | G3: =COUNTIF(B3:E3, TRUE) -> 0 | H3: =COUNTIF(C3, TRUE) -> 0
A4: babalola, paul | B4: FALSE | C4: FALSE | D4: FALSE | E4: FALSE | G4: =COUNTIF(B4:E4, TRUE) -> 0 | H4: =COUNTIF(C4, TRUE) -> 0
A5: Beer, Colin | B5: FALSE | C5: FALSE | D5: FALSE | E5: FALSE | G5: =COUNTIF(B5:E5, TRUE) -> 0 | H5: =COUNTIF(C5, TRUE) -> 0
A6: Bingham, Kenye' | B6: FALSE | C6: FALSE | D6: FALSE | E6: FALSE | G6: =COUNTIF(B6:E6, TRUE) -> 0 | H6: =COUNTIF(C6, TRUE) -> 0
A7: Brown, Trinity | B7: FALSE | C7: FALSE | D7: FALSE | E7: FALSE | G7: =COUNTIF(B7:E7, TRUE) -> 0 | H7: =COUNTIF(C7, TRUE) -> 0
A8: Butler, Malachi | B8: FALSE | C8: FALSE | D8: FALSE | E8: FALSE | G8: =COUNTIF(B8:E8, TRUE) -> 0 | H8: =COUNTIF(C8, TRUE) -> 0
A9: Cranor, Christian | B9: FALSE | C9: FALSE | D9: FALSE | E9: FALSE | G9: =COUNTIF(B9:E9, TRUE) -> 0 | H9: =COUNTIF(C9, TRUE) -> 0
A10: Crenshaw, Makayla | B10: FALSE | C10: FALSE | D10: FALSE | E10: FALSE | G10: =COUNTIF(B10:E10, TRUE) -> 0 | H10: =COUNTIF(C10, TRUE) -> 0
A11: Deckard, Jack | B11: FALSE | C11: FALSE | D11: FALSE | E11: FALSE | G11: =COUNTIF(B11:E11, TRUE) -> 0 | H11: =COUNTIF(C11, TRUE) -> 0
A12: Diallo, Mohammad | B12: FALSE | C12: FALSE | D12: FALSE | E12: FALSE | G12: =COUNTIF(B12:E12, TRUE) -> 0 | H12: =COUNTIF(C12, TRUE) -> 0
A13: Elliott, John | B13: FALSE | C13: FALSE | D13: FALSE | E13: FALSE | G13: =COUNTIF(B13:E13, TRUE) -> 0 | H13: =COUNTIF(C13, TRUE) -> 0
... A26: Young, Jalen | B26: FALSE | C26: FALSE | D26: FALSE | E26: FALSE | G26: =COUNTIF(B26:E26, TRUE) -> 0 | H26: =COUNTIF(C26, TRUE) -> 0

Sheet Week 9
A1: Names | B1: Tuesday Lecture | C1: Tuesday Lab | D1: Thursday Lecture | E1: Attended Help Session? | G1: EOW Summary | H1: Attended Lab
A2: Adegoke, Olusegun | B2: FALSE | C2: FALSE | D2: FALSE | E2: FALSE | G2: =COUNTIF(B2:E2, TRUE) -> 0 | H2: =COUNTIF(C2, TRUE) -> 0
A3: Adeleye, Rasheed | B3: FALSE | C3: FALSE | D3: FALSE | E3: FALSE | G3: =COUNTIF(B3:E3, TRUE) -> 0 | H3: =COUNTIF(C3, TRUE) -> 0
A4: babalola, paul | B4: FALSE | C4: FALSE | D4: FALSE | E4: FALSE | G4: =COUNTIF(B4:E4, TRUE) -> 0 | H4: =COUNTIF(C4, TRUE) -> 0
A5: Beer, Colin | B5: FALSE | C5: FALSE | D5: FALSE | E5: FALSE | G5: =COUNTIF(B5:E5, TRUE) -> 0 | H5: =COUNTIF(C5, TRUE) -> 0
A6: Bingham, Kenye' | B6: FALSE | C6: FALSE | D6: FALSE | E6: FALSE | G6: =COUNTIF(B6:E6, TRUE) -> 0 | H6: =COUNTIF(C6, TRUE) -> 0
A7: Brown, Trinity | B7: FALSE | C7: FALSE | D7: FALSE | E7: FALSE | G7: =COUNTIF(B7:E7, TRUE) -> 0 | H7: =COUNTIF(C7, TRUE) -> 0
A8: Butler, Malachi | B8: FALSE | C8: FALSE | D8: FALSE | E8: FALSE | G8: =COUNTIF(B8:E8, TRUE) -> 0 | H8: =COUNTIF(C8, TRUE) -> 0
A9: Cranor, Christian | B9: FALSE | C9: FALSE | D9: FALSE | E9: FALSE | G9: =COUNTIF(B9:E9, TRUE) -> 0 | H9: =COUNTIF(C9, TRUE) -> 0
A10: Crenshaw, Makayla | B10: FALSE | C10: FALSE | D10: FALSE | E10: FALSE | G10: =COUNTIF(B10:E10, TRUE) -> 0 | H10: =COUNTIF(C10, TRUE) -> 0
A11: Deckard, Jack | B11: FALSE | C11: FALSE | D11: FALSE | E11: FALSE | G11: =COUNTIF(B11:E11, TRUE) -> 0 | H11: =COUNTIF(C11, TRUE) -> 0
A12: Diallo, Mohammad | B12: FALSE | C12: FALSE | D12: FALSE | E12: FALSE | G12: =COUNTIF(B12:E12, TRUE) -> 0 | H12: =COUNTIF(C12, TRUE) -> 0
A13: Elliott, John | B13: FALSE | C13: FALSE | D13: FALSE | E13: FALSE | G13: =COUNTIF(B13:E13, TRUE) -> 0 | H13: =COUNTIF(C13, TRUE) -> 0
... A26: Young, Jalen | B26: FALSE | C26: FALSE | D26: FALSE | E26: FALSE | G26: =COUNTIF(B26:E26, TRUE) -> 0 | H26: =COUNTIF(C26, TRUE) -> 0

Sheet Week 10
A1: Names | B1: Tuesday Lecture | C1: Tuesday Lab | D1: Thursday Lecture | E1: Attended Help Session? | G1: EOW Summary | H1: Attended Lab
A2: Adegoke, Olusegun | B2: FALSE | C2: FALSE | D2: FALSE | E2: FALSE | G2: =COUNTIF(B2:E2, TRUE) -> 0 | H2: =COUNTIF(C2, TRUE) -> 0
A3: Adeleye, Rasheed | B3: FALSE | C3: FALSE | D3: FALSE | E3: FALSE | G3: =COUNTIF(B3:E3, TRUE) -> 0 | H3: =COUNTIF(C3, TRUE) -> 0
A4: babalola, paul | B4: FALSE | C4: FALSE | D4: FALSE | E4: FALSE | G4: =COUNTIF(B4:E4, TRUE) -> 0 | H4: =COUNTIF(C4, TRUE) -> 0
A5: Beer, Colin | B5: FALSE | C5: FALSE | D5: FALSE | E5: FALSE | G5: =COUNTIF(B5:E5, TRUE) -> 0 | H5: =COUNTIF(C5, TRUE) -> 0
A6: Bingham, Kenye' | B6: FALSE | C6: FALSE | D6: FALSE | E6: FALSE | G6: =COUNTIF(B6:E6, TRUE) -> 0 | H6: =COUNTIF(C6, TRUE) -> 0
A7: Brown, Trinity | B7: FALSE | C7: FALSE | D7: FALSE | E7: FALSE | G7: =COUNTIF(B7:E7, TRUE) -> 0 | H7: =COUNTIF(C7, TRUE) -> 0
A8: Butler, Malachi | B8: FALSE | C8: FALSE | D8: FALSE | E8: FALSE | G8: =COUNTIF(B8:E8, TRUE) -> 0 | H8: =COUNTIF(C8, TRUE) -> 0
A9: Cranor, Christian | B9: FALSE | C9: FALSE | D9: FALSE | E9: FALSE | G9: =COUNTIF(B9:E9, TRUE) -> 0 | H9: =COUNTIF(C9, TRUE) -> 0
A10: Crenshaw, Makayla | B10: FALSE | C10: FALSE | D10: FALSE | E10: FALSE | G10: =COUNTIF(B10:E10, TRUE) -> 0 | H10: =COUNTIF(C10, TRUE) -> 0
A11: Deckard, Jack | B11: FALSE | C11: FALSE | D11: FALSE | E11: FALSE | G11: =COUNTIF(B11:E11, TRUE) -> 0 | H11: =COUNTIF(C11, TRUE) -> 0
A12: Diallo, Mohammad | B12: FALSE | C12: FALSE | D12: FALSE | E12: FALSE | G12: =COUNTIF(B12:E12, TRUE) -> 0 | H12: =COUNTIF(C12, TRUE) -> 0
A13: Elliott, John | B13: FALSE | C13: FALSE | D13: FALSE | E13: FALSE | G13: =COUNTIF(B13:E13, TRUE) -> 0 | H13: =COUNTIF(C13, TRUE) -> 0
... A26: Young, Jalen | B26: FALSE | C26: FALSE | D26: FALSE | E26: FALSE | G26: =COUNTIF(B26:E26, TRUE) -> 0 | H26: =COUNTIF(C26, TRUE) -> 0

Sheet Week 11
A1: Names | B1: Tuesday Lecture | C1: Tuesday Lab | D1: Thursday Lecture | E1: Attended Help Session? | G1: EOW Summary | H1: Attended Lab
A2: Adegoke, Olusegun | B2: FALSE | C2: FALSE | D2: FALSE | E2: FALSE | G2: =COUNTIF(B2:E2, TRUE) -> 0 | H2: =COUNTIF(C2, TRUE) -> 0
A3: Adeleye, Rasheed | B3: FALSE | C3: FALSE | D3: FALSE | E3: FALSE | G3: =COUNTIF(B3:E3, TRUE) -> 0 | H3: =COUNTIF(C3, TRUE) -> 0
A4: babalola, paul | B4: FALSE | C4: FALSE | D4: FALSE | E4: FALSE | G4: =COUNTIF(B4:E4, TRUE) -> 0 | H4: =COUNTIF(C4, TRUE) -> 0
A5: Beer, Colin | B5: FALSE | C5: FALSE | D5: FALSE | E5: FALSE | G5: =COUNTIF(B5:E5, TRUE) -> 0 | H5: =COUNTIF(C5, TRUE) -> 0
A6: Bingham, Kenye' | B6: FALSE | C6: FALSE | D6: FALSE | E6: FALSE | G6: =COUNTIF(B6:E6, TRUE) -> 0 | H6: =COUNTIF(C6, TRUE) -> 0
A7: Brown, Trinity | B7: FALSE | C7: FALSE | D7: FALSE | E7: FALSE | G7: =COUNTIF(B7:E7, TRUE) -> 0 | H7: =COUNTIF(C7, TRUE) -> 0
A8: Butler, Malachi | B8: FALSE | C8: FALSE | D8: FALSE | E8: FALSE | G8: =COUNTIF(B8:E8, TRUE) -> 0 | H8: =COUNTIF(C8, TRUE) -> 0
A9: Cranor, Christian | B9: FALSE | C9: FALSE | D9: FALSE | E9: FALSE | G9: =COUNTIF(B9:E9, TRUE) -> 0 | H9: =COUNTIF(C9, TRUE) -> 0
A10: Crenshaw, Makayla | B10: FALSE | C10: FALSE | D10: FALSE | E10: FALSE | G10: =COUNTIF(B10:E10, TRUE) -> 0 | H10: =COUNTIF(C10, TRUE) -> 0
A11: Deckard, Jack | B11: FALSE | C11: FALSE | D11: FALSE | E11: FALSE | G11: =COUNTIF(B11:E11, TRUE) -> 0 | H11: =COUNTIF(C11, TRUE) -> 0
A12: Diallo, Mohammad | B12: FALSE | C12: FALSE | D12: FALSE | E12: FALSE | G12: =COUNTIF(B12:E12, TRUE) -> 0 | H12: =COUNTIF(C12, TRUE) -> 0
A13: Elliott, John | B13: FALSE | C13: FALSE | D13: FALSE | E13: FALSE | G13: =COUNTIF(B13:E13, TRUE) -> 0 | H13: =COUNTIF(C13, TRUE) -> 0
... A26: Young, Jalen | B26: FALSE | C26: FALSE | D26: FALSE | E26: FALSE | G26: =COUNTIF(B26:E26, TRUE) -> 0 | H26: =COUNTIF(C26, TRUE) -> 0

Sheet Week 12
A1: Names | B1: Tuesday Lecture | C1: Tuesday Lab | D1: Thursday Lecture | E1: Attended Help Session? | G1: EOW Summary | H1: Attended Lab
A2: Adegoke, Olusegun | B2: FALSE | C2: FALSE | D2: FALSE | E2: FALSE | G2: =COUNTIF(B2:E2, TRUE) -> 0 | H2: =COUNTIF(C2, TRUE) -> 0
A3: Adeleye, Rasheed | B3: FALSE | C3: FALSE | D3: FALSE | E3: FALSE | G3: =COUNTIF(B3:E3, TRUE) -> 0 | H3: =COUNTIF(C3, TRUE) -> 0
A4: babalola, paul | B4: FALSE | C4: FALSE | D4: FALSE | E4: FALSE | G4: =COUNTIF(B4:E4, TRUE) -> 0 | H4: =COUNTIF(C4, TRUE) -> 0
A5: Beer, Colin | B5: FALSE | C5: FALSE | D5: FALSE | E5: FALSE | G5: =COUNTIF(B5:E5, TRUE) -> 0 | H5: =COUNTIF(C5, TRUE) -> 0
A6: Bingham, Kenye' | B6: FALSE | C6: FALSE | D6: FALSE | E6: FALSE | G6: =COUNTIF(B6:E6, TRUE) -> 0 | H6: =COUNTIF(C6, TRUE) -> 0
A7: Brown, Trinity | B7: FALSE | C7: FALSE | D7: FALSE | E7: FALSE | G7: =COUNTIF(B7:E7, TRUE) -> 0 | H7: =COUNTIF(C7, TRUE) -> 0
A8: Butler, Malachi | B8: FALSE | C8: FALSE | D8: FALSE | E8: FALSE | G8: =COUNTIF(B8:E8, TRUE) -> 0 | H8: =COUNTIF(C8, TRUE) -> 0
A9: Cranor, Christian | B9: FALSE | C9: FALSE | D9: FALSE | E9: FALSE | G9: =COUNTIF(B9:E9, TRUE) -> 0 | H9: =COUNTIF(C9, TRUE) -> 0
A10: Crenshaw, Makayla | B10: FALSE | C10: FALSE | D10: FALSE | E10: FALSE | G10: =COUNTIF(B10:E10, TRUE) -> 0 | H10: =COUNTIF(C10, TRUE) -> 0
A11: Deckard, Jack | B11: FALSE | C11: FALSE | D11: FALSE | E11: FALSE | G11: =COUNTIF(B11:E11, TRUE) -> 0 | H11: =COUNTIF(C11, TRUE) -> 0
A12: Diallo, Mohammad | B12: FALSE | C12: FALSE | D12: FALSE | E12: FALSE | G12: =COUNTIF(B12:E12, TRUE) -> 0 | H12: =COUNTIF(C12, TRUE) -> 0
A13: Elliott, John | B13: FALSE | C13: FALSE | D13: FALSE | E13: FALSE | G13: =COUNTIF(B13:E13, TRUE) -> 0 | H13: =COUNTIF(C13, TRUE) -> 0
... A26: Young, Jalen | B26: FALSE | C26: FALSE | D26: FALSE | E26: FALSE | G26: =COUNTIF(B26:E26, TRUE) -> 0 | H26: =COUNTIF(C26, TRUE) -> 0

Sheet Week 13
A1: Names | B1: Tuesday Lecture | C1: Tuesday Lab | D1: Thursday Lecture | E1: Attended Help Session? | G1: EOW Summary | H1: Attended Lab
A2: Adegoke, Olusegun | B2: FALSE | C2: FALSE | D2: FALSE | E2: FALSE | G2: =COUNTIF(B2:E2, TRUE) -> 0 | H2: =COUNTIF(C2, TRUE) -> 0
A3: Adeleye, Rasheed | B3: FALSE | C3: FALSE | D3: FALSE | E3: FALSE | G3: =COUNTIF(B3:E3, TRUE) -> 0 | H3: =COUNTIF(C3, TRUE) -> 0
A4: babalola, paul | B4: FALSE | C4: FALSE | D4: FALSE | E4: FALSE | G4: =COUNTIF(B4:E4, TRUE) -> 0 | H4: =COUNTIF(C4, TRUE) -> 0
A5: Beer, Colin | B5: FALSE | C5: FALSE | D5: FALSE | E5: FALSE | G5: =COUNTIF(B5:E5, TRUE) -> 0 | H5: =COUNTIF(C5, TRUE) -> 0
A6: Bingham, Kenye' | B6: FALSE | C6: FALSE | D6: FALSE | E6: FALSE | G6: =COUNTIF(B6:E6, TRUE) -> 0 | H6: =COUNTIF(C6, TRUE) -> 0
A7: Brown, Trinity | B7: FALSE | C7: FALSE | D7: FALSE | E7: FALSE | G7: =COUNTIF(B7:E7, TRUE) -> 0 | H7: =COUNTIF(C7, TRUE) -> 0
A8: Butler, Malachi | B8: FALSE | C8: FALSE | D8: FALSE | E8: FALSE | G8: =COUNTIF(B8:E8, TRUE) -> 0 | H8: =COUNTIF(C8, TRUE) -> 0
A9: Cranor, Christian | B9: FALSE | C9: FALSE | D9: FALSE | E9: FALSE | G9: =COUNTIF(B9:E9, TRUE) -> 0 | H9: =COUNTIF(C9, TRUE) -> 0
A10: Crenshaw, Makayla | B10: FALSE | C10: FALSE | D10: FALSE | E10: FALSE | G10: =COUNTIF(B10:E10, TRUE) -> 0 | H10: =COUNTIF(C10, TRUE) -> 0
A11: Deckard, Jack | B11: FALSE | C11: FALSE | D11: FALSE | E11: FALSE | G11: =COUNTIF(B11:E11, TRUE) -> 0 | H11: =COUNTIF(C11, TRUE) -> 0
A12: Diallo, Mohammad | B12: FALSE | C12: FALSE | D12: FALSE | E12: FALSE | G12: =COUNTIF(B12:E12, TRUE) -> 0 | H12: =COUNTIF(C12, TRUE) -> 0
A13: Elliott, John | B13: FALSE | C13: FALSE | D13: FALSE | E13: FALSE | G13: =COUNTIF(B13:E13, TRUE) -> 0 | H13: =COUNTIF(C13, TRUE) -> 0
... A26: Young, Jalen | B26: FALSE | C26: FALSE | D26: FALSE | E26: FALSE | G26: =COUNTIF(B26:E26, TRUE) -> 0 | H26: =COUNTIF(C26, TRUE) -> 0

Sheet Week 14
A1: Names | B1: Tuesday Lecture | C1: Tuesday Lab | D1: Thursday Lecture | E1: Attended Help Session? | G1: EOW Summary | H1: Attended Lab
A2: Adegoke, Olusegun | B2: FALSE | C2: FALSE | D2: FALSE | E2: FALSE | G2: =COUNTIF(B2:E2, TRUE) -> 0 | H2: =COUNTIF(C2, TRUE) -> 0
A3: Adeleye, Rasheed | B3: FALSE | C3: FALSE | D3: FALSE | E3: FALSE | G3: =COUNTIF(B3:E3, TRUE) -> 0 | H3: =COUNTIF(C3, TRUE) -> 0
A4: babalola, paul | B4: FALSE | C4: FALSE | D4: FALSE | E4: FALSE | G4: =COUNTIF(B4:E4, TRUE) -> 0 | H4: =COUNTIF(C4, TRUE) -> 0
A5: Beer, Colin | B5: FALSE | C5: FALSE | D5: FALSE | E5: FALSE | G5: =COUNTIF(B5:E5, TRUE) -> 0 | H5: =COUNTIF(C5, TRUE) -> 0
A6: Bingham, Kenye' | B6: FALSE | C6: FALSE | D6: FALSE | E6: FALSE | G6: =COUNTIF(B6:E6, TRUE) -> 0 | H6: =COUNTIF(C6, TRUE) -> 0
A7: Brown, Trinity | B7: FALSE | C7: FALSE | D7: FALSE | E7: FALSE | G7: =COUNTIF(B7:E7, TRUE) -> 0 | H7: =COUNTIF(C7, TRUE) -> 0
A8: Butler, Malachi | B8: FALSE | C8: FALSE | D8: FALSE | E8: FALSE | G8: =COUNTIF(B8:E8, TRUE) -> 0 | H8: =COUNTIF(C8, TRUE) -> 0
A9: Cranor, Christian | B9: FALSE | C9: FALSE | D9: FALSE | E9: FALSE | G9: =COUNTIF(B9:E9, TRUE) -> 0 | H9: =COUNTIF(C9, TRUE) -> 0
A10: Crenshaw, Makayla | B10: FALSE | C10: FALSE | D10: FALSE | E10: FALSE | G10: =COUNTIF(B10:E10, TRUE) -> 0 | H10: =COUNTIF(C10, TRUE) -> 0
A11: Deckard, Jack | B11: FALSE | C11: FALSE | D11: FALSE | E11: FALSE | G11: =COUNTIF(B11:E11, TRUE) -> 0 | H11: =COUNTIF(C11, TRUE) -> 0
A12: Diallo, Mohammad | B12: FALSE | C12: FALSE | D12: FALSE | E12: FALSE | G12: =COUNTIF(B12:E12, TRUE) -> 0 | H12: =COUNTIF(C12, TRUE) -> 0
A13: Elliott, John | B13: FALSE | C13: FALSE | D13: FALSE | E13: FALSE | G13: =COUNTIF(B13:E13, TRUE) -> 0 | H13: =COUNTIF(C13, TRUE) -> 0
... A26: Young, Jalen | B26: FALSE | C26: FALSE | D26: FALSE | E26: FALSE | G26: =COUNTIF(B26:E26, TRUE) -> 0 | H26: =COUNTIF(C26, TRUE) -> 0

Sheet Week 15
A1: Names | B1: Tuesday Lecture | C1: Tuesday Lab | D1: Thursday Lecture | E1: Attended Help Session? | G1: EOW Summary | H1: Attended Lab
A2: Adegoke, Olusegun | B2: FALSE | C2: FALSE | D2: FALSE | E2: FALSE | G2: =COUNTIF(B2:E2, TRUE) -> 0 | H2: =COUNTIF(C2, TRUE) -> 0
A3: Adeleye, Rasheed | B3: FALSE | C3: FALSE | D3: FALSE | E3: FALSE | G3: =COUNTIF(B3:E3, TRUE) -> 0 | H3: =COUNTIF(C3, TRUE) -> 0
A4: babalola, paul | B4: FALSE | C4: FALSE | D4: FALSE | E4: FALSE | G4: =COUNTIF(B4:E4, TRUE) -> 0 | H4: =COUNTIF(C4, TRUE) -> 0
A5: Beer, Colin | B5: FALSE | C5: FALSE | D5: FALSE | E5: FALSE | G5: =COUNTIF(B5:E5, TRUE) -> 0 | H5: =COUNTIF(C5, TRUE) -> 0
A6: Bingham, Kenye' | B6: FALSE | C6: FALSE | D6: FALSE | E6: FALSE | G6: =COUNTIF(B6:E6, TRUE) -> 0 | H6: =COUNTIF(C6, TRUE) -> 0
A7: Brown, Trinity | B7: FALSE | C7: FALSE | D7: FALSE | E7: FALSE | G7: =COUNTIF(B7:E7, TRUE) -> 0 | H7: =COUNTIF(C7, TRUE) -> 0
A8: Butler, Malachi | B8: FALSE | C8: FALSE | D8: FALSE | E8: FALSE | G8: =COUNTIF(B8:E8, TRUE) -> 0 | H8: =COUNTIF(C8, TRUE) -> 0
A9: Cranor, Christian | B9: FALSE | C9: FALSE | D9: FALSE | E9: FALSE | G9: =COUNTIF(B9:E9, TRUE) -> 0 | H9: =COUNTIF(C9, TRUE) -> 0
A10: Crenshaw, Makayla | B10: FALSE | C10: FALSE | D10: FALSE | E10: FALSE | G10: =COUNTIF(B10:E10, TRUE) -> 0 | H10: =COUNTIF(C10, TRUE) -> 0
A11: Deckard, Jack | B11: FALSE | C11: FALSE | D11: FALSE | E11: FALSE | G11: =COUNTIF(B11:E11, TRUE) -> 0 | H11: =COUNTIF(C11, TRUE) -> 0
A12: Diallo, Mohammad | B12: FALSE | C12: FALSE | D12: FALSE | E12: FALSE | G12: =COUNTIF(B12:E12, TRUE) -> 0 | H12: =COUNTIF(C12, TRUE) -> 0
A13: Elliott, John | B13: FALSE | C13: FALSE | D13: FALSE | E13: FALSE | G13: =COUNTIF(B13:E13, TRUE) -> 0 | H13: =COUNTIF(C13, TRUE) -> 0
... A26: Young, Jalen | B26: FALSE | C26: FALSE | D26: FALSE | E26: FALSE | G26: =COUNTIF(B26:E26, TRUE) -> 0 | H26: =COUNTIF(C26, TRUE) -> 0

Sheet Total Labs Attended
A1: Names | B1: Total | C1: (%)
A2: Adegoke, Olusegun | B2: =SUM('Week 1:Week 15'!H2) -> 0 | C2: =SUM('Week 1:Week 15'!H2) / 16 -> 0
A3: Adeleye, Rasheed | B3: =SUM('Week 1:Week 15'!H3) -> 0 | C3: =SUM('Week 1:Week 15'!H3) / 16 -> 0
A4: babalola, paul | B4: =SUM('Week 1:Week 15'!H4) -> 0 | C4: =SUM('Week 1:Week 15'!H4) / 16 -> 0
A5: Beer, Colin | B5: =SUM('Week 1:Week 15'!H5) -> 0 | C5: =SUM('Week 1:Week 15'!H5) / 16 -> 0
A6: Bingham, Kenye' | B6: =SUM('Week 1:Week 15'!H6) -> 0 | C6: =SUM('Week 1:Week 15'!H6) / 16 -> 0
A7: Brown, Trinity | B7: =SUM('Week 1:Week 15'!H7) -> 0 | C7: =SUM('Week 1:Week 15'!H7) / 16 -> 0
A8: Butler, Malachi | B8: =SUM('Week 1:Week 15'!H8) -> 0 | C8: =SUM('Week 1:Week 15'!H8) / 16 -> 0
A9: Cranor, Christian | B9: =SUM('Week 1:Week 15'!H9) -> 0 | C9: =SUM('Week 1:Week 15'!H9) / 16 -> 0
A10: Crenshaw, Makayla | B10: =SUM('Week 1:Week 15'!H10) -> 0 | C10: =SUM('Week 1:Week 15'!H10) / 16 -> 0
A11: Deckard, Jack | B11: =SUM('Week 1:Week 15'!H11) -> 0 | C11: =SUM('Week 1:Week 15'!H11) / 16 -> 0
A12: Diallo, Mohammad | B12: =SUM('Week 1:Week 15'!H12) -> 0 | C12: =SUM('Week 1:Week 15'!H12) / 16 -> 0
A13: Elliott, John | B13: =SUM('Week 1:Week 15'!H13) -> 0 | C13: =SUM('Week 1:Week 15'!H13) / 16 -> 0
... A26: Young, Jalen | B26: =SUM('Week 1:Week 15'!H26) -> 0 | C26: =SUM('Week 1:Week 15'!H26) / 16 -> 0
